hours_worked_per_day,hours_sleep,hours_exercise_per_week,social_interactions_per_week,screen_time_per_day,has_meeting_overload,feels_purpose_at_work,work_on_weekends,stress_level,burnout_risk
9.993428306022466,8.599033154879002,1.149643450051237,5.0,10.825836410886028,0,1,0,4,0
8.723471397657631,7.886950524369153,2.210962658568964,,5.0547630354182145,0,1,0,1,0
10.295377076201385,6.589445554880261,0.9151601580000774,,9.929525358184613,1,0,0,3,1
12.046059712816051,5.529594833441639,1.8840769407219193,3.0,10.745244083719461,0,0,0,1,0
8.531693250553328,7.547334970420385,0.0,4.0,4.95961252742989,1,0,0,2,0
8.531726086101639,7.090228078132625,,2.0,3.36236348727362,0,1,0,5,0
12.158425631014783,7.842789830041598,2.5024109507244483,3.0,7.754902250429412,0,0,0,2,0
10.534869458305817,7.4527577025229546,0.8658227378636187,4.0,5.631481193082817,0,1,1,3,0
8.061051228130095,,3.81849133686481,2.0,11.671508047907505,0,1,1,2,0
10.08512008717193,5.6971471826591475,4.375140275253116,3.0,7.087018851249581,1,1,0,4,0
8.073164614375075,8.476091098451489,,2.0,4.994501479912052,1,1,0,1,0
8.068540492859487,6.796399407038599,0.9745504428675715,4.0,4.132101222470721,0,0,1,3,0
9.48392454313207,9.612891308937899,0.9617153004254035,1.0,9.724762397727076,0,1,0,4,0
5.173439510684404,5.466218272865648,0.6201937977822707,3.0,5.572040064789533,0,1,1,1,0
5.5501643349739345,9.103945704747874,4.158949683863497,5.0,7.109571998651071,1,1,1,4,0
7.875424941518054,6.796866175193972,2.112347722454393,2.0,9.389506862781202,1,1,0,2,0
6.974337759331153,,1.9709703173787785,4.0,5.789354120172924,1,1,1,3,0
,5.774171248918518,,,6.885177928149599,0,1,1,2,0
7.183951848957578,,3.7708360604184525,1.0,6.9585789754437,0,1,0,5,0
,7.136248919602875,,3.0,8.70831127879023,0,0,0,3,0
,7.284253232053249,2.6198652605326567,4.0,8.476860838775814,0,0,0,2,0
8.548447399026928,5.639449994092131,3.0547538759163833,7.0,6.449715671862929,0,0,0,3,0
9.135056409375848,6.463468111608526,5.2213171916773025,4.0,7.159122653741294,0,1,0,1,0
6.150503627573086,,0.0,6.0,6.070552471191279,0,0,0,3,0
7.911234550949635,,0.0,4.0,3.3059689827013883,1,0,0,3,0
9.221845179419732,7.154485504511048,2.86769908950739,,7.644002143495324,1,0,1,1,0
6.698012845155395,6.557005217252301,6.101022363021707,1.0,11.730479402082668,0,0,0,2,0
9.751396036691343,,,7.0,4.790702148272343,0,1,0,3,0
7.7987226201623905,7.4202769590956255,2.9193188305492517,4.0,5.0674257259932425,0,0,0,4,0
8.416612500413446,4.9658111522023916,1.5167276287359053,3.0,4.823180570890647,1,1,0,3,0
7.796586775541206,6.113935193864982,4.114245193274621,3.0,8.811479446807807,1,1,0,2,0
12.704556369017876,3.997123889183616,0.5529076005910627,3.0,8.1212136354911,1,1,0,1,0
8.973005550524132,7.098834683907919,,3.0,6.603655768958858,1,1,0,2,0
6.884578142088199,7.470793909554112,3.5109403183332537,1.0,,0,0,1,5,0
,5.775220306550939,4.62041981499776,1.0,7.230941979099811,0,1,1,3,0
6.5583127000579555,8.860980144935048,,3.0,3.0884446816604894,0,1,0,3,0
,4.661351505496488,3.284831934357534,0.0,,0,0,0,1,0
5.080659752240448,,1.4820727485850025,3.0,9.178810965219835,1,1,0,3,0
6.3436279022031385,,2.448851375616011,3.0,3.872002158415805,0,1,1,4,0
,,0.0,,3.168704307925841,0,0,0,4,0
10.476933159990821,9.025891537186803,,2.0,,0,0,1,2,0
9.34273656237994,5.81167360569659,,,,1,1,0,1,0
8.76870343522352,8.118021250146944,1.451823204130815,2.0,9.839869614859555,0,0,0,5,0
8.397792608821423,6.4422372957489396,2.804709744067444,4.0,,1,1,0,2,0
6.042956019265145,6.24105905008877,0.8551601352355989,4.0,6.595112957646681,0,1,1,1,0
7.5603115832105825,,4.742061334648943,1.0,,0,1,1,1,0
8.078722458080424,7.478484317620129,2.500414129836394,3.0,4.7900028581338985,0,1,0,2,0
11.11424445243783,4.135411764523626,2.481399357722771,3.0,7.331242858739114,1,0,0,2,0
9.687236579136922,8.714810524588843,1.8442105669741644,2.0,6.046276462939768,0,0,0,3,0
5.473919689274532,8.570137031221178,2.8103813677179583,2.0,3.698766391487421,1,1,0,5,0
9.648167938789591,,,3.0,7.843705186815997,0,1,1,4,0
8.229835439167367,7.093705300156113,0.7657395685781994,2.0,,0,0,1,3,0
7.646155999388083,7.2410452794241085,1.1837670218494867,3.0,6.60743792888823,1,1,1,1,0
10.223352577681736,,1.8925479424466707,2.0,3.9745976414646056,0,1,1,5,0
11.061999044991902,5.674542269231869,,1.0,10.978500919407011,0,0,0,5,1
10.862560238232398,5.492564948092923,0.8614842805570044,0.0,9.19178546596529,1,0,1,2,1
7.321564953554723,6.461668893512832,1.547558252910682,3.0,9.410389710429946,0,0,1,5,0
,8.259093528889046,4.248778361425455,4.0,6.236388243895795,1,1,0,5,0
9.662526862807129,,3.02512265800385,4.0,3.0,0,0,1,1,0
10.951090254244718,5.944078501870841,2.8871798227350887,3.0,11.882293456223778,0,1,0,3,0
,7.657548065972517,4.201795924335944,3.0,6.84725622998533,0,1,1,5,0
8.628682046672365,3.0,2.225256423201207,,5.128000509949866,1,1,0,2,0
,,3.2809296998577793,4.0,8.042003936207784,0,1,0,3,0
6.607586751838658,,2.2935564941350077,,,1,1,0,2,0
,5.956338587895302,3.030724698799257,5.0,6.942373609786334,1,1,0,5,0
,4.820495158060784,1.3344826847768358,,10.196437919848435,0,1,0,3,0
8.855979756839332,4.5579777864186415,0.0,4.0,9.70749984629217,0,0,0,5,1
11.007065795784047,8.241240181067779,2.2314416756273916,2.0,4.309047031494854,0,1,0,1,0
9.723272050095268,5.798448198032163,,4.0,5.315524735851309,0,1,0,3,0
7.709760490789751,7.019755822596074,4.352430804483185,5.0,9.393842908199419,0,1,1,2,0
9.722791211016828,,4.430794969182341,2.0,3.0,1,1,1,1,0
12.076073132931938,7.215561240834682,4.972261443612435,4.0,6.626360767087528,1,0,0,4,0
8.928347921780096,6.615232836590383,,,3.4229219959383204,1,1,1,2,0
12.129287311628012,4.575511663717146,2.894631414811191,2.0,,1,0,0,5,1
4.0,7.99440022917071,1.2646962091312997,4.0,6.2529497774269895,1,1,1,2,0
10.643805008750448,5.759365125258031,,1.0,6.1043890552312305,0,1,0,4,0
,4.165127152010373,3.731542299542283,1.0,5.619346869718479,1,0,0,2,0
8.401985299068265,,4.907768874337632,0.0,4.2571408759279645,1,0,0,1,0
9.183521553071005,8.751139685951467,2.221107448638001,3.0,12.729778167046716,0,1,0,2,0
5.024862170798214,,1.5996214702971767,3.0,11.668655010403377,1,0,1,3,0
8.560656224324976,5.977021798388211,,4.0,4.094835449359293,0,1,1,4,0
9.714225143023492,5.976113443522356,3.7024134978582297,2.0,10.955291878258919,1,0,0,2,0
11.955788089483033,6.0175474231739265,0.0,3.0,6.001336273817868,1,0,0,4,1
,,0.0,6.0,7.322968683329276,1,0,1,1,0
7.3830127942136246,,1.398926301016833,2.0,6.84181510025771,0,0,1,3,0
7.996485912830927,7.145062470786605,0.058575148171682745,2.0,5.350628396865085,1,1,0,5,0
10.830804235404148,8.045425181047763,1.4837196047053782,2.0,9.459630859015366,0,0,0,2,0
,6.85818373853977,2.204439362365057,4.0,,0,1,0,1,0
7.940479592465922,6.111436781268945,1.5935031819539733,1.0,5.808621441951896,1,1,0,4,0
10.026534866226712,6.205475226372533,5.404935068941491,4.0,3.7385263904988184,0,1,0,4,0
9.194155098696081,6.392598110878904,3.15348952920464,3.0,4.7660124657021985,1,1,0,1,0
10.937289981065778,6.444166645235238,3.1009487192216567,3.0,3.0,0,0,1,2,0
7.595893812245295,,,5.0,7.030558871037924,0,1,0,5,0
8.344675706804464,6.577918828710949,0.22233376443846176,3.0,4.00833601928901,1,1,1,2,0
8.215783693735684,7.598960115823369,4.578223574840537,1.0,6.336098718703647,0,1,1,3,0
6.072970103735763,,2.34847142692908,1.0,10.425254634025928,0,1,1,2,0
9.592240554129152,6.617952785474136,3.840961234482425,3.0,9.998248932303964,1,0,0,3,0
9.522110544359778,3.5026989732018388,0.3562855339196891,5.0,6.919307764743455,0,1,1,4,0
9.010226913284923,7.874491512053722,0.0,4.0,6.782288184642125,1,0,0,3,0
8.530825733249706,7.019732713846989,4.1357793160500576,2.0,11.69968637355252,0,0,0,5,0
,7.997015164789478,,7.0,8.301890300896778,0,0,0,1,0
8.158709354469282,,0.6958968912849792,0.0,,0,1,0,3,0
8.31457096694646,9.632562057171091,0.7606738374506112,4.0,,0,0,1,2,0
7.395445461556762,6.290615557767239,4.750869568829539,2.0,7.984683045411858,0,1,1,3,0
8.677428576667982,,0.1211762142653443,3.0,9.073309431457156,0,0,0,4,0
9.808101713629076,4.940141109311703,5.785345906511926,1.0,5.42087118871589,0,1,0,3,0
12.77237180242106,7.419160857593854,0.6987585307042625,3.0,7.728006887845082,0,1,0,5,0
9.349155625663679,4.919876655239516,,1.0,6.091066762712427,0,1,0,3,0
,5.564346558956292,1.8427630485020308,3.0,6.5399190020024935,0,0,1,5,0
8.851108168467665,,3.706374862164686,6.0,3.0,0,1,0,2,0
5.1624575694019175,6.21397639885498,1.4117719957716148,3.0,,1,1,1,4,0
,6.826149309769584,2.1744141878554117,,9.423423256020136,1,1,0,1,0
9.120460419882052,,2.5818383507914424,,5.421493611083605,1,0,0,2,0
13.926484224970572,7.243522831958907,0.49562508843705455,4.0,7.131315920538291,0,0,0,2,0
8.615278070437755,6.725628357715364,3.9816486908402515,4.0,5.110123233270199,1,1,0,1,0
9.603094684667225,,1.4735728670568295,3.0,7.901104190731933,1,0,0,3,0
8.930576460589513,10.0,,1.0,6.458692006159566,1,1,1,3,0
6.6626439247609355,6.413571804449622,0.5113012507829755,4.0,4.651896148294982,0,1,1,3,0
11.285645629030041,6.801648570072452,0.0,2.0,10.33137866916282,1,0,0,4,1
10.503866065373549,,2.117944474799662,4.0,,1,1,0,2,0
,,7.325230843225832,1.0,5.487733090179563,1,1,0,5,0
7.181225090410522,8.28054545834057,,5.0,,0,1,0,1,0
11.805588621872198,7.458095333043777,2.4614792405312107,3.0,8.343530007050951,0,1,0,2,0
6.196297874415438,4.785492630904274,1.9742183415834647,1.0,8.60575308752794,0,1,0,3,0
,8.950147298451643,2.544931785624093,2.0,3.0,0,1,1,1,0
13.380911251619956,4.780481910471968,3.59423823035042,1.0,9.51651635258157,1,1,1,5,1
7.0189273497386235,6.953953197858549,0.1383743693823103,5.0,5.575752592685672,0,1,1,2,0
,,4.728643389337744,,6.1054301663968324,0,1,0,2,0
9.199302730175283,6.4037924801105115,3.930762630882488,3.0,13.5947043806505,0,1,1,4,0
7.993048691767601,,3.936371451415869,2.0,7.75468345180253,0,1,0,2,0
5.898673137867735,,3.3769514776194547,3.0,,0,0,0,2,0
,7.132881131352927,2.53923331538798,2.0,3.0,1,1,1,5,0
6.87539257254779,8.920566903587972,3.84572247193364,5.0,10.474410334865889,0,0,0,5,0
9.947184861270363,7.18030145227097,3.683628267482756,4.0,,0,0,0,1,0
,6.133765047064027,1.7919185781179525,5.0,,0,0,1,3,0
12.09986881003508,7.946130752432536,1.352796454206198,2.0,6.171619252280377,0,1,1,5,0
7.433493415327526,,2.703712590523973,3.0,10.541029479250732,0,1,1,1,0
8.35587696758865,4.658588277294511,5.598040302990375,2.0,8.933099966664399,1,1,0,2,0
10.62703443473934,,0.02178584869219824,1.0,6.60540622539935,1,0,0,1,1
6.53827136713209,7.551759113466348,0.0,3.0,7.770730159097052,1,1,1,1,0
9.45491986920826,,,1.0,5.499035767822235,1,0,0,1,0
11.614285508564857,8.563560219967428,,7.0,7.349134223913377,0,0,0,1,0
,6.27491661945121,2.8466833287408164,6.0,7.183341861945341,1,1,0,5,0
,,2.9879063958170007,,9.421924739203384,1,1,0,3,0
9.519765588496847,6.240392263574195,2.0535954907303897,,9.417945306097373,1,0,0,1,0
10.56364574355462,,5.479726877204165,1.0,8.234943455514113,0,1,0,4,0
,4.855587369657197,,1.0,6.0941311061347445,1,1,0,2,0
6.359086773831447,4.339923676108558,0.843005950439508,2.0,8.854555735975316,1,0,0,2,0
10.043883131233795,8.891757594837458,2.293490479701905,,6.7700788344923835,1,1,0,2,0
9.593969346466372,5.229557977522508,0.0,3.0,4.2952140782171675,0,0,0,2,0
9.500985700691754,5.012911475815539,2.1482911911358578,1.0,5.991780520222653,1,0,1,2,1
9.692896418993952,,5.822940331456037,4.0,7.211317459460811,1,0,0,1,0
7.639950556843019,5.541557378465747,,1.0,9.275539459161863,1,1,0,3,0
,4.515365309888752,2.961401811437367,3.0,6.5411795696071175,0,1,1,4,0
,,0.0,3.0,,1,1,0,5,0
7.571297163947264,,1.267277183921045,1.0,7.141854208242049,0,1,0,4,0
12.731549022289514,5.4677744822334144,1.749607239352126,2.0,7.283640100141381,0,1,0,5,0
9.947665841823575,9.878653708016463,1.8645698064875318,4.0,7.464594072256882,0,1,1,5,0
6.617393005594703,7.972648230487391,,2.0,9.299678789886075,1,1,1,4,0
10.31310721726766,6.012752924737066,3.6153821214502493,0.0,9.547308100224747,0,1,1,1,0
7.050636659545357,3.0,0.27708408612593605,4.0,5.514472819045833,0,0,1,2,0
,9.936413858886112,2.99300955686401,0.0,5.4596413548776415,1,1,0,1,0
11.317191158014808,4.415641299854606,3.49644349699357,,4.399503222611317,1,1,0,2,0
,,,5.0,8.747039175701191,0,0,0,3,0
10.926752258488644,8.03385564801446,,1.0,10.622050270844289,1,0,0,5,1
9.825561853872996,10.0,,5.0,6.212295180227692,1,1,1,4,0
10.64412031998898,8.576409227765778,0.8782849775793236,4.0,6.396423588187517,0,1,0,3,0
12.793585965307894,7.34586368007854,0.0,4.0,10.66695639224744,0,1,0,2,0
8.509223767994259,7.392131512497929,2.0319602817860374,,8.26389463303752,0,0,1,1,0
7.492527671285021,7.780123338170462,3.432716748892669,6.0,8.090589262002638,0,0,0,4,0
7.220971140748953,,4.474669033178204,2.0,4.022708735065683,0,0,0,5,0
7.368379430069123,6.921787135954064,2.3480979527149546,4.0,,1,1,0,3,0
8.845796581171792,6.656301655927814,1.8603049534903122,2.0,,1,1,0,5,0
9.682303949633289,6.4061103081507165,2.803515984497481,5.0,4.164949535162605,0,1,0,2,0
9.553381598660039,5.369053116699986,0.829714196739954,3.0,6.133071058083219,0,0,0,5,0
10.654366498072047,6.078987384699839,,3.0,5.535518191378275,0,0,0,1,0
9.026003783755813,3.960564778706922,0.0,,6.446000764037402,0,0,1,3,0
11.907068154314633,6.352490559807875,2.8694811577914487,1.0,3.3975459136877033,0,1,1,3,0
8.470686333524087,5.017113339273624,6.547212438459279,3.0,9.39704076616918,1,1,0,1,0
14.0,4.844616024176344,2.5135996891199954,6.0,9.819215736291072,1,1,0,5,1
10.251334695530012,6.769841226730218,2.119921929997011,3.0,3.0,0,0,1,1,0
7.2856848871674345,,1.7851091543791457,1.0,9.446144514166376,1,0,1,4,1
6.858215003877776,7.877474909003469,2.1392166364751843,3.0,4.973678425445934,0,1,0,1,0
9.96494483048637,4.144249094565234,5.245696949353061,3.0,9.142438842456965,1,1,0,5,0
,,0.0,2.0,6.828883768333961,0,1,1,1,0
10.428000988184184,7.911156781982324,,3.0,7.071938910202497,0,1,0,2,0
9.94647524914709,5.0262689096925355,,0.0,6.537255876446953,1,0,0,1,0
8.854342174686254,6.163050275004463,,8.0,10.030323010583714,0,1,0,1,0
7.30641256386319,,1.6415111594026763,1.0,3.9010299686874292,1,0,0,5,0
5.970305550628271,5.047483317704547,3.6771065395414393,,8.519600846837522,0,1,0,4,0
8.106970095865957,6.65806325921894,0.0,3.0,9.753325412223877,0,0,0,4,0
10.712797588646945,4.498961757622693,3.4243453321638855,2.0,,0,1,1,5,0
9.428187488260408,5.597948534073179,,,12.811747285808543,0,0,0,5,0
6.508522442576024,6.979672901213806,0.0,3.0,5.677633093188253,1,1,0,5,0
9.346361851702364,4.1105093997024955,2.8794123352207914,4.0,9.393262056483827,0,1,0,2,0
9.770634759457673,,,3.0,6.734773411646449,1,1,1,3,0
,6.470543301609978,3.3517744123860718,7.0,10.083515190881673,1,1,0,1,0
9.307450211891055,7.328734931625721,2.538295554831504,3.0,6.980777510696576,1,1,0,5,0
9.116417436892,6.835871201096992,1.2170261819113808,3.0,,0,1,0,5,0
6.714059404338753,8.546210644960766,,3.0,,1,0,1,5,0
9.715574720696566,6.687836753971861,6.108696219573487,5.0,5.771095152452675,0,1,0,4,0
10.121569052736469,5.855891688312121,2.1181924165454027,5.0,3.4681856027486093,0,0,0,5,0
11.166102486350553,6.683446254548426,,4.0,5.707882792065429,0,0,0,1,0
11.107604104069805,7.314947043554582,0.0,4.0,8.547582366471332,0,1,1,5,0
6.244661264085818,,,2.0,10.480096878967728,0,0,0,1,0
7.124349920169754,,,6.0,7.27782343824128,1,1,1,2,0
,5.447012468289866,5.46823205707193,3.0,10.295492668085064,0,1,1,3,0
10.027571901824418,5.5056486236735775,3.2112266975713197,2.0,3.604562696306016,0,1,1,4,0
10.030095372612095,4.39609209230046,1.8738839389536914,6.0,5.891841337955243,1,0,0,1,0
,9.12436511478041,,4.0,6.2785622071147476,0,1,1,2,0
10.141781021386334,4.6342051469130725,,3.0,,0,1,0,3,0
11.271131280361198,5.460642203306139,3.7090306527107337,,7.210235970625491,0,1,0,3,0
,5.422389101646203,4.264666124646818,6.0,8.727277393480481,1,0,1,3,0
10.302782502611596,7.842386565416662,,4.0,,0,1,0,1,0
,6.057575482561958,1.559915704480997,2.0,7.347571717382814,0,0,0,2,0
10.517938440986535,8.371613109010601,3.031756459304097,1.0,6.887192774189871,0,0,0,5,0
,5.4897640636341976,1.6265605279188091,3.0,4.685275240272125,1,0,0,2,0
8.526362786519982,6.918491243335703,2.367734770748355,4.0,6.7158332772964116,1,0,0,2,0
8.029272904341793,5.246979420110364,6.699443578333031,5.0,6.640851175257205,1,0,1,2,0
,9.717723691660083,2.0059485985080068,6.0,6.587298587492385,0,1,1,1,0
,4.718602371455731,1.7833196959575557,2.0,,0,1,0,1,0
,6.964731065340541,,4.0,7.189183851533465,0,1,0,1,0
10.372520380749027,7.450665321398148,,,5.919262052231675,0,1,1,2,0
5.774568257620697,,2.137551653563794,0.0,10.181786834928161,0,1,0,1,0
8.056136268421133,6.222068511683437,1.201253923357148,4.0,4.076298426992459,0,1,0,3,0
11.177901193934732,6.305268950399861,5.142608064546025,,5.197574728825259,0,1,0,1,0
9.128560038190926,6.565717207968665,5.339206009027274,2.0,,1,0,0,4,0
6.844510444141388,6.279496997557267,1.2991528685225897,5.0,4.405021612526925,0,1,0,1,0
7.569392581480064,7.945818675192364,0.0,4.0,3.6156133132256034,1,0,0,1,0
10.35919549786935,9.815784502387027,4.515027379673844,5.0,8.836191862503044,0,1,0,1,0
,5.66376232248825,1.130740348479992,2.0,3.0,0,0,0,1,0
9.43291717916395,4.445295530631383,4.081251198325537,2.0,6.411815225068903,0,0,0,4,0
9.091143679807628,6.3675769274731175,0.0,0.0,12.364562312691222,0,1,1,5,1
7.696799304788366,10.0,4.285194676598619,4.0,3.137660194616499,0,1,1,1,0
13.28788817865065,5.294488148045404,0.07765614143843758,1.0,3.0,0,1,0,3,0
10.267838044636022,8.9586752081661,3.9615282381330488,2.0,3.2520469951057542,1,1,0,4,0
,9.01655122111466,2.528546135672868,,,1,0,1,5,0
9.372908629538856,5.669617637438008,0.5921211612067103,2.0,9.811941799964531,0,0,0,1,0
7.676427070463224,7.353474618777913,1.6859273741464391,2.0,5.7185280075537275,1,1,1,5,0
,,3.872636913913402,1.0,,1,1,0,3,0
7.414958523134599,5.93130838851877,,3.0,10.475638318779975,1,1,1,4,1
8.770527117066202,6.194629459846458,,4.0,11.468366036074563,1,1,0,4,0
10.009974557960915,5.627478629077034,6.452881169030971,,,0,0,0,5,0
10.731510388340244,4.9778649039606995,0.0,3.0,3.0,0,1,1,1,0
6.599407185888447,5.526083682400989,5.734425149937248,,4.947802693975783,0,1,0,2,0
8.330997528318104,4.664089599856615,2.7087118750464256,3.0,5.932989512661856,0,1,0,4,0
8.050109377678087,6.551125202388839,0.7024319033537436,1.0,6.352653008554023,0,1,0,2,0
7.693341534852577,5.345040153412038,0.0,2.0,6.530351497478201,0,0,1,4,1
,6.850678867686121,2.121759218445933,1.0,9.797236494826674,1,1,0,1,0
9.80996342192191,4.166156530694559,,,10.186071066718954,1,0,0,1,0
,6.996320348321685,2.2449017592449314,4.0,6.570815865188042,1,0,0,4,0
10.835723894109552,7.750293442413387,5.522309860494695,2.0,9.746212190129548,1,1,0,5,0
13.244312394025266,3.509396536142817,0.0,2.0,7.894153416577724,1,1,0,1,0
11.064930521102294,7.061084854771358,2.4758221043078907,3.0,7.1612649321564295,0,0,0,1,0
5.961260068091973,8.341503488709938,0.0,2.0,9.26636039277491,0,0,0,3,0
8.031531854267497,,3.2272637652499356,2.0,7.180630120594789,0,0,0,1,0
,9.008858580256554,4.273774780194601,3.0,12.144527942744405,1,1,0,3,0
,7.1285285140490675,1.6584764126378935,1.0,3.403972083013602,0,0,0,1,0
,5.442482216362387,0.0,6.0,5.712072752269956,1,1,0,1,0
,,2.8978962935929893,2.0,6.683702757615125,0,0,0,5,0
,7.337490368782584,,2.0,8.098631726144976,0,0,1,5,0
8.8809492878764,6.614008087118617,3.3085895099233955,2.0,10.169901217757722,1,1,0,1,0
,7.308133988669554,4.971564383644308,4.0,,0,0,1,4,0
6.951224717331421,5.11898961038095,0.3578926407019023,1.0,3.444425876234482,0,1,0,4,0
8.49486369721368,,3.860432210900899,2.0,9.106284741137511,0,0,0,1,0
6.504433636070301,4.37942825464253,4.885015024955949,4.0,8.88739691535491,0,1,0,4,0
12.26482260786327,,0.0,,3.0,1,0,0,1,0
6.139717244078735,5.1441385378028155,3.1393036518379542,3.0,6.990489665823001,0,1,1,5,0
,5.39670508611535,,3.0,3.0246454232992552,0,0,1,2,0
9.261481154572182,,,6.0,,0,1,1,3,0
11.882546578132231,8.136965180891403,3.1953529670766727,3.0,4.742977682593001,1,1,0,4,0
6.128275697641121,7.413707181360765,1.5255428717728954,3.0,9.023161745604964,0,1,0,4,0
11.32632750430992,,1.1485838416767764,1.0,7.292075435430459,1,0,0,5,1
9.020466122039174,6.025387325457797,2.568304834976049,2.0,,1,1,1,4,0
7.036982697904098,8.319646549968775,0.32550812227439474,4.0,9.200164907393356,0,1,0,1,0
9.92420694852654,6.712575370459857,0.3283497422296291,3.0,3.415485440178964,1,1,0,1,0
9.39811939114694,9.978994309972542,3.8587465659130067,3.0,7.825284476177359,1,0,0,2,0
7.799566245682411,7.089976759091558,0.20241192968268784,2.0,4.96497332677111,0,1,0,2,0
9.139604169980037,6.788073674735047,3.832625001818424,3.0,6.0858072936737,0,1,1,2,0
8.22937280627648,6.036325303696248,3.425182585707902,1.0,8.26067687009596,1,1,0,1,0
9.227034690502496,6.700311357173423,0.0,2.0,8.303623497648822,1,1,0,2,0
,6.271295245429184,1.1448706953286898,2.0,10.3424226838899,0,1,0,2,0
,7.562163015032885,4.888218806094745,3.0,6.794365750821367,0,1,1,1,0
6.524369002346302,7.935053475191876,0.5376689377206367,5.0,7.766127157408352,1,0,0,5,0
13.266066749312532,5.321015809238076,1.5711914753812248,3.0,5.905656693989188,1,0,1,4,1
5.095824400954996,,3.424121786503793,6.0,7.454974706556994,1,1,0,3,0
,,4.066781018565191,2.0,8.098715120021279,0,1,1,1,0
10.176634412969154,7.261986990368816,1.9969222279110086,5.0,6.75422538136406,1,0,1,1,0
,4.844950090739189,1.3049796106167169,6.0,3.0,0,1,0,3,0
7.754600960358813,,5.344739723397016,6.0,7.828677240827238,0,0,0,3,0
8.58375549928545,7.082867906796446,5.977799327595157,3.0,7.9114036933886425,1,1,0,2,0
8.013998130682335,10.0,4.457716101563591,4.0,,1,1,0,3,0
7.821270486111577,6.49089363269016,2.670636285130048,3.0,3.7890324098187143,0,1,1,4,0
10.69920419404205,7.757736161677463,,2.0,10.689697876259913,0,0,0,4,0
9.714030971930095,6.622744037821348,0.8391111868868695,,8.228613777236005,1,1,0,4,0
7.614180809478691,6.351665520213286,3.545028210531515,4.0,6.427297422695726,0,1,0,4,0
10.799199750866501,,,2.0,4.157417792131282,1,1,0,4,0
,6.064588183717023,,0.0,,1,0,1,2,0
,6.901088471107855,3.8009001850722783,0.0,10.25647599196558,0,0,0,1,0
10.259257683847224,,,5.0,7.344154852170115,1,1,1,3,0
7.342009978155856,,4.603895235445837,6.0,5.623532332498233,1,1,1,1,0
7.879637919606061,7.988063524304784,0.5038787453711742,1.0,,1,0,0,3,0
10.494587210246523,6.237560364956887,1.7320574560952968,2.0,,1,1,0,2,0
,5.366382260760733,3.0004004125033887,5.0,10.752107575700947,1,1,1,2,0
8.958196812071703,7.304764765355605,6.491334979567929,,10.382001337241814,0,1,0,5,0
9.234654766617563,5.152298027313444,8.719837112010723,3.0,5.8335648219930585,0,0,0,5,0
11.555329791576849,,3.7134461182723655,2.0,,1,1,0,2,0
7.81685722232834,6.486321505033695,,0.0,3.0,0,0,0,2,0
10.094194762340075,8.128843348747367,3.5690112969611008,4.0,3.29604807112158,0,1,1,3,0
,7.2120473493199295,4.275310851747673,5.0,3.6513255626056096,1,1,0,2,0
8.564637593545559,6.462459561882284,,2.0,7.337975852468465,1,0,0,1,0
,7.726649448800431,6.090422711824644,3.0,6.184415738896601,0,1,1,3,0
10.65083269797606,,2.9601415183828044,7.0,3.6366612814618966,1,1,1,2,0
10.627019272001277,7.3367154595277935,3.4954861781827886,5.0,6.297089893838606,1,0,0,3,0
11.610957614308658,6.515528929765071,3.8318485041089225,3.0,8.263342869118372,0,0,1,3,0
9.042007683265519,4.532245651474761,3.3431732212289114,1.0,8.319598374788967,1,0,0,4,1
10.363905942589927,,4.177881000939225,3.0,3.0,0,0,1,5,0
,6.042162943467998,1.2654936269061536,4.0,6.679341298790423,0,0,0,3,0
9.648332704976884,5.5857316967610755,1.383396492107939,1.0,3.541648057570974,0,1,0,3,0
8.73971389126463,6.2195430455218315,,3.0,9.254321742850685,0,1,1,4,0
9.193991929985437,,3.379002461240453,3.0,8.960366040883747,0,0,0,2,0
10.190314050873827,7.294539131535096,4.057873007024228,4.0,4.754931934188853,1,1,1,3,0
7.363558633533055,6.394251832911364,3.4155457323037717,1.0,5.0848869939990005,1,0,0,4,0
13.184774551370921,7.229752465739303,5.848984866695075,,5.846832373754232,0,0,1,1,0
6.987965237000596,6.596711622215181,2.488807962341907,3.0,3.0,1,1,1,4,0
6.571622774424536,3.536800150469193,,2.0,7.839920433601441,0,0,0,5,0
11.316221747000135,5.090996909271869,0.31659824772137135,,6.317888634149673,0,1,1,5,1
10.583325387925871,6.283868666417577,1.725800595051198,1.0,9.425437706419647,1,1,0,2,0
10.24823963410431,,3.891075515131555,3.0,4.253976955093618,0,0,1,2,0
10.25669101852856,7.399893094994306,4.198204221486288,0.0,5.452192629375171,0,1,0,5,0
8.97550645430617,8.796126248515545,1.9120661046716356,3.0,3.2336868549022117,1,1,1,5,0
7.205491257028337,,2.3568014962838664,1.0,4.489273591264367,0,1,0,3,0
9.151609116387453,6.179835693604688,0.0,1.0,4.045045009829453,1,0,0,5,1
,8.736089205274927,1.7859415983867812,7.0,9.489934197116114,0,0,0,2,0
10.950239466835502,6.7230011858031675,4.280766327039572,3.0,5.254345378121519,0,0,0,5,0
,5.994371043322941,,2.0,7.310439211861533,0,0,1,2,0
7.349005606414977,5.579896004688591,,4.0,6.048091490345489,0,1,0,1,0
8.357228316694012,6.046295470267808,2.59954737436192,4.0,3.8263368349679676,0,0,0,5,0
9.82586290855125,5.917734772188156,2.514126317256353,0.0,6.579248942070893,0,0,0,2,0
7.872550894392051,,,3.0,8.497758329658987,1,1,0,4,0
,6.740860971574797,3.8976568404050695,3.0,3.9806015186416195,1,1,0,3,0
,6.504569030230122,3.3419458887787794,,9.022781976828448,0,0,1,2,0
9.489933142217446,7.155407254619525,3.4840376959855988,3.0,4.875697696305759,0,0,1,5,0
7.9861136492577405,8.285969412179512,1.4479303146648392,2.0,5.792540184817899,0,0,0,5,0
,,0.0,4.0,8.32670780752512,1,0,0,1,0
9.464099874715272,4.272653047325145,4.694305423507391,2.0,5.34140960695128,1,1,0,4,0
6.103831317005351,3.0,1.5423250879831918,2.0,7.093937148339664,0,0,0,2,0
,7.90147986685891,0.7744484719137588,3.0,6.2132729280297685,1,1,0,4,0
7.563111557495128,4.449681952376869,3.8869578238279874,0.0,,0,1,1,1,0
8.573105696576306,6.162851897160975,,0.0,3.0,0,0,0,3,0
9.621815131196009,4.744830460910961,,3.0,3.0,0,1,1,4,0
,3.7970293436299705,,4.0,8.539917515117095,0,0,0,1,0
10.71531924640404,7.312194092307182,3.867138646400955,6.0,9.592953514122627,0,1,0,2,0
8.680122940073145,7.63873274045397,0.0,4.0,4.723783241171197,0,1,0,3,0
8.961967584194623,5.635234398909921,4.923887970772801,2.0,6.389929119572164,1,1,0,5,0
6.994941270724382,3.0,,2.0,,0,1,0,1,0
8.96297372801522,5.680633327621276,1.7614457215075938,8.0,8.73304400414676,0,1,1,5,0
8.422682722159724,7.08770600810382,,4.0,3.0,0,1,0,3,0
9.64543712067618,4.281632646838807,0.0,3.0,4.784899382554057,0,0,1,1,0
,,3.317305622961342,1.0,,0,1,0,1,0
10.038693028482344,6.477035226240507,0.44125698363585686,,8.757850493090123,0,1,0,3,0
12.065477826005155,,0.0,1.0,13.246076209303737,0,1,0,2,0
,6.67937055262123,0.0,3.0,6.429985682975706,0,0,0,1,0
,5.040396588677667,4.7253767499798505,4.0,3.4825563447400283,0,1,0,3,0
10.380287983422225,8.294857252496737,1.2414732126144226,0.0,8.005670193003246,0,0,0,4,0
,,5.567455419832998,2.0,10.302489473851775,1,0,0,5,0
9.448184963620834,6.459043190735102,1.4283970738954044,5.0,7.270035302448752,1,1,0,1,0
9.02518480156359,,0.0,5.0,4.733378637114268,0,1,0,4,0
9.195352197097664,5.835076623212735,0.26695112010268174,3.0,9.394984853700048,0,0,0,1,0
7.453980432289067,5.172795928959649,4.971623240013877,1.0,8.658864046246087,0,0,0,2,0
9.049020348517885,6.240580910114866,,,4.434797889510939,0,0,1,3,0
9.9959965824909,9.067562720213516,1.4034254070187981,2.0,7.953564043835855,0,1,0,1,0
11.902287215590084,,2.820036451705575,,9.493163919147182,0,1,1,3,0
,4.079657903184888,3.50356547233509,1.0,,0,1,0,1,0
13.306364915023114,8.706755491240413,4.734797631804922,3.0,6.83387756172636,1,1,1,2,0
,6.186014484272201,5.396998459785852,3.0,6.104801384551703,0,1,0,2,0
10.744641273441356,5.496390892010125,1.7804627084218285,4.0,10.068184555203157,0,0,1,4,1
9.366684011476703,8.059857031094115,,2.0,3.974598742547787,0,1,0,2,0
13.379605866435345,5.591576690394704,1.673069677753448,2.0,8.096448227302513,1,0,1,3,1
7.383403429289697,9.239014570320403,3.0205610131657723,1.0,3.574933431588927,1,0,0,2,0
7.320556315638448,7.516888807008904,0.5724821475787782,0.0,9.663440680649007,0,1,0,1,0
7.801214709111956,5.768132887781446,0.5856981702099142,2.0,,1,0,0,2,0
4.752208551380386,,3.1875757630997708,2.0,10.171458089118673,0,1,0,3,0
,5.591427615494992,,1.0,8.228531890888817,1,0,0,1,0
,7.613143058013961,2.565593990823173,5.0,3.941949424845175,1,1,0,4,0
9.300787572952416,,0.9830093305998611,7.0,10.561569330193109,0,1,0,4,0
9.683511951554319,,2.0391985715884653,2.0,10.878113166069323,1,0,1,4,1
12.752341678431772,8.842266795090278,0.6515337114633912,2.0,9.20571623149804,0,1,0,1,0
10.9008476763721,6.54800622359865,4.280396822249574,2.0,5.09603033740945,0,0,1,4,0
7.846192688675194,5.369873194480725,4.570498669447505,1.0,6.234965114106478,0,1,0,2,0
7.203170657303284,7.189958214408675,0.0,2.0,7.363568043514398,1,1,0,1,0
,5.483426945371841,0.64097827961518,2.0,5.240724001671417,0,1,1,1,0
6.359533585958715,9.520080871289935,,5.0,11.230866431158013,0,1,1,1,0
12.662917531708707,6.704802996624106,1.1999521311862036,0.0,7.360816179315092,1,1,1,5,1
11.358880241442574,,2.3331240604192782,3.0,3.0,0,0,0,3,0
8.061648695790591,6.777020458797363,,2.0,7.848389531890551,0,0,0,5,0
5.573730941818245,4.479310565705456,0.6562803737493736,5.0,6.1296065079567175,0,0,0,5,0
11.707744748330825,,0.492085255837003,3.0,6.81268360970388,0,0,0,5,0
8.770920309494764,8.300620861916638,2.914534658797888,,6.078451585535751,0,1,0,3,0
11.475632623946924,5.514658581542906,2.638688674072501,6.0,9.017616041516717,0,0,1,5,1
5.811144682411266,4.92963352597709,1.0565248933254934,3.0,9.799219446383454,1,1,1,4,1
,7.304979128790929,2.853641744278796,5.0,7.707632905646634,1,0,0,1,0
9.010487399436366,8.278556231994495,1.4066398308254693,2.0,6.151722032154602,0,1,0,1,0
9.093961187529484,7.5784299659976,1.9566897793478935,0.0,6.8966569879770745,0,0,1,2,0
8.099869057041513,7.994071528708725,5.846904180597074,6.0,7.048999041444071,0,0,0,4,0
10.245699864694998,5.364807367145809,5.180922103580696,5.0,4.993924900337908,1,0,0,3,0
,4.367283999887235,0.0,3.0,8.447321621428086,0,0,0,1,0
8.715241029957413,8.75200047793323,,6.0,8.150105809651166,0,0,0,5,0
9.240591263423799,6.015980241736797,4.122793108983184,3.0,10.851103099441683,1,0,1,2,0
,,0.2034734224947634,1.0,10.138374450721187,0,1,0,2,0
10.42322975617778,8.492291212773587,4.137555287509722,0.0,5.285812706024674,0,1,0,1,0
6.750715816324261,7.33434501410099,5.575863836825105,2.0,9.050745936272412,1,1,0,4,0
5.931771658528755,7.183831658122411,0.25491038751117223,2.0,4.62261654226382,1,1,1,2,0
11.555353643797018,9.747503517351626,0.6649943579714728,4.0,8.739830252352125,0,1,1,1,0
9.664628023959184,5.534722654429785,,5.0,5.70846450309973,1,1,0,4,0
7.503026926886893,7.891760192121856,3.042990621651296,1.0,4.441866941561039,0,1,0,1,0
,6.585519687345627,,4.0,7.700113356743511,1,0,0,1,0
9.231349268585717,6.902888418294886,,3.0,3.0,0,0,0,4,0
11.358594368127653,8.792702639618797,3.2813918418562884,,3.0,1,1,0,4,0
9.135036962820218,,0.0,3.0,6.556270290564292,1,1,0,4,0
13.121495849763974,7.307444118574449,4.594635413242896,2.0,7.206104416587106,1,1,0,1,0
12.510681684886409,8.108761005964704,4.839179984855547,3.0,6.076703074604528,1,1,0,2,0
8.502071703041853,5.952570905685672,2.0412185118639443,5.0,,0,0,0,3,0
10.94314190190871,5.2411854989914906,2.413046100372275,2.0,4.955270394653736,0,1,1,3,0
,,0.0,5.0,,0,1,0,1,0
11.737263115064698,3.5504651159359972,3.5285095120356695,1.0,8.454454426570907,1,0,0,1,1
7.070153078839791,9.584310694910483,3.644114883428288,0.0,6.959442206010147,1,0,1,2,0
10.372102919996879,4.845187451417475,2.375617966001378,4.0,,0,1,0,4,0
11.116848973699176,6.1681195646213425,4.748706719741005,6.0,7.993492558648086,1,0,1,1,0
5.482521027153771,6.084780050166619,1.831845538040119,4.0,5.131360865104469,1,1,0,5,0
6.63348297466845,6.961110046713651,3.6292118517872005,3.0,,1,1,0,4,0
4.921535644479799,,0.4606713226157688,5.0,,1,1,1,1,0
8.461186331110884,,2.452895698251524,2.0,6.729652524021458,0,1,0,5,0
10.435084511591924,5.625383842146592,2.1512914841943283,2.0,9.780251548053347,0,1,1,2,0
12.004714104192056,,,2.0,8.71322521177742,0,1,0,5,0
9.148189560839551,6.92386992573245,1.7609461423332828,4.0,10.505023314797805,0,0,0,1,0
,6.12696331072468,2.2370548086566644,3.0,6.242786890502517,1,0,0,3,0
6.239797083570217,8.911018364029989,4.152094342883013,,10.365249486285645,1,1,0,1,0
5.593235121289691,7.2364624274573774,1.626471525523565,2.0,,1,1,0,3,0
8.888904602206763,,0.0,2.0,10.678962706424734,1,0,0,2,0
9.768130897878615,,5.999167808410841,3.0,6.94535813139469,0,1,0,2,0
8.934610503811815,8.260210786227987,5.2629081573809735,3.0,8.768078434510691,0,0,0,4,0
4.865115799920247,6.77153233805556,0.0,4.0,10.687780910774638,0,0,1,4,1
,4.55475207806623,3.8794156104903887,1.0,6.516430928546986,0,1,0,3,0
6.391060998990294,,1.4940504588973138,0.0,7.545972468860436,0,1,1,3,0
10.339345097660077,,,1.0,10.222158563015755,0,1,0,2,0
,5.707074977375365,,4.0,6.667492090174841,0,1,0,5,0
7.12024042734529,,2.031184399367356,3.0,3.697769293734597,0,1,1,3,0
7.972266165326613,8.357424607150453,0.932468668827207,4.0,12.357517636462275,1,0,0,3,0
6.881572956222097,,1.1189178953674812,,5.825588839157158,0,1,0,5,0
8.874641805453656,6.963249518898445,0.6676161690375151,5.0,7.396890127343857,0,1,0,4,0
10.910284641002477,9.053322416952856,0.8363555835391105,3.0,9.890016673627818,0,1,0,4,0
7.028547907328912,6.861129769232853,2.3656434199012897,4.0,5.478765240671995,1,1,0,3,0
10.008093031035688,10.0,1.0684800217784964,4.0,,0,1,1,4,0
7.939484763255118,,3.86410413142524,4.0,7.634343241937083,0,1,0,4,0
,3.8588558612662736,5.474492310671854,1.0,3.0,1,1,1,4,1
8.785939280090885,7.630012431656799,1.339893517259914,4.0,6.280234807830199,0,0,0,2,0
6.929515355161252,7.071737577324167,2.978809001070754,3.0,,1,1,0,1,0
,8.434629131124119,3.4993702206058677,2.0,6.3251202579370895,0,0,0,3,0
6.6042442148223035,7.509772026904938,,5.0,,0,1,1,3,0
12.929450265832779,6.292316024024339,2.6519105358321746,4.0,10.985444890510031,0,1,1,2,0
9.070527103943457,4.663552645565952,3.9853648367194445,3.0,7.258845384872939,1,1,0,1,0
7.600548984014829,6.186465114070963,3.4644979053613145,4.0,10.577880294404352,0,0,0,1,0
9.427959821468445,5.22421931868605,0.02467515534540432,4.0,6.349909374548888,0,1,0,2,0
,,4.238312128778547,3.0,4.79997004577309,0,1,0,5,0
8.558060800933553,7.3828676066309145,,1.0,7.6729523006379,0,1,0,5,0
10.22833340008685,9.00485675652711,,2.0,6.460532184179451,0,1,1,1,0
10.51501542009461,7.092007294734472,2.575875670895204,0.0,4.0555963550216045,1,1,0,5,0
7.938997704778945,,,4.0,10.67446064696874,1,0,1,5,1
7.84836351871064,7.166904002330211,2.081372360841277,1.0,5.44432444276501,0,1,0,5,0
,8.294947229968477,4.645956095532023,5.0,3.0,0,0,0,1,0
4.39615767052883,5.585325643520926,7.2277449892387216,1.0,10.32041513489333,1,1,0,5,1
5.9696178756028955,6.298974249990623,0.9280279347300353,4.0,5.7392549604684415,0,0,1,3,0
11.733748534889049,6.522032292093796,,1.0,5.4804402684609395,0,0,1,1,0
12.289935427002568,5.32265253037664,3.1076371912097516,6.0,3.0,0,1,0,2,0
8.501927920887244,7.472420650765788,,4.0,11.352353716492477,1,0,0,5,0
10.153113926111534,6.318577777088327,2.038267252310462,1.0,3.7762985319757814,1,0,0,4,1
9.622500309087073,,5.406521326642069,3.0,,1,1,0,1,0
14.0,5.16876173329685,0.0,3.0,9.2815508063511,0,1,0,2,0
11.239149822869154,5.843812549514884,,4.0,8.054292332507742,0,0,1,3,0
8.744164817038467,7.583572036741657,1.2882783584822133,2.0,6.850864220019521,1,1,0,2,0
7.088919118799149,5.940750271862349,5.938755812414593,4.0,3.0,0,1,1,5,0
,9.090445776850107,6.485030706336237,3.0,4.97568791058179,1,0,0,4,0
9.406927271734446,5.900545721578096,0.9666868244333042,3.0,7.469500845106305,1,1,0,5,0
7.487298509431393,6.837027088627829,1.4008857281828397,,,0,0,1,2,0
6.155492580804651,7.898886247809635,4.219175773959604,4.0,7.508398649996919,1,0,0,1,0
7.706854231514947,4.372451400600452,,3.0,8.704358522037854,0,0,1,4,0
6.8369039927712105,,2.4091775641355238,1.0,9.406257214500254,1,1,0,4,0
,4.211515528144858,2.5507768410848204,1.0,3.9345516054682914,0,1,0,2,0
10.763279513898901,8.393876155140774,0.0,2.0,12.491615137447386,0,1,1,5,1
8.984054717366766,5.672212781161329,,2.0,8.918698361385326,1,1,1,2,0
,10.0,,1.0,6.99571461582734,1,1,0,4,0
9.154736615295237,5.653628602013917,1.513754355200456,6.0,9.723841457691602,0,1,0,2,0
7.2774315973434724,6.776826954795555,5.387264006937628,2.0,12.913519429999933,0,1,1,4,0
12.046248154539315,8.813164928851814,0.0,,3.403199747357826,0,1,1,5,0
10.077820087369318,,,7.0,6.436843393771616,0,0,0,1,0
6.925507691347088,9.592255364954596,1.942074139336383,5.0,,0,0,1,1,0
8.619322643832783,8.312549345889714,1.9404796630083312,4.0,,0,0,0,2,0
7.248763493230486,8.036093788717194,4.080743792103423,,7.913485604812852,0,0,0,4,0
6.234400538071328,7.388790423801774,3.180102589137781,4.0,6.902094711393102,0,1,0,1,0
10.852355095063283,7.667541614249957,,1.0,5.363666072504225,0,0,0,4,0
12.818833280940261,,4.4363693210657225,,3.0,0,0,1,5,0
6.202864852361717,,1.8373832336333544,4.0,7.933834208529421,0,1,0,2,0
10.125938473381142,,1.2755265309844994,1.0,10.638586209788313,1,1,1,4,1
7.698714861756346,6.244723066212607,0.3296989468844038,4.0,5.52245386066642,0,1,0,2,0
8.025749232470607,5.820157926009087,0.8491789400420897,6.0,8.100149822557862,1,1,1,4,1
7.815212151522262,7.544581171185073,8.398188850617451,3.0,3.0796392164498734,1,1,1,4,0
7.272018460640368,7.932957812855766,4.9893591614735735,1.0,8.143032659231284,1,1,0,5,0
9.097043255889654,,0.0,2.0,6.016544255638357,1,0,0,2,0
,,,4.0,5.093955123492714,1,1,0,3,0
9.540913651559677,4.787466328799742,3.463732123436983,3.0,,0,1,1,4,0
8.899523781101726,6.209510811080423,3.594529594755934,1.0,6.0159710449174755,0,0,1,4,0
8.52210390626718,5.424766519095792,3.597767670634729,7.0,7.956083289231339,1,1,0,1,0
,3.70019507439041,1.9900884128926042,2.0,3.7195919970112055,0,0,1,2,0
,,2.2490914799941994,5.0,6.007211671080368,1,1,0,3,0
,6.3173787374250745,3.155759048318715,6.0,6.896320555002131,0,0,0,5,0
10.001834375248762,8.770174614863198,,1.0,4.252401938670352,1,1,1,3,0
,7.446217526832166,0.0,0.0,11.491663004187544,0,1,0,5,0
9.19866461085845,4.963719763506193,2.0404007388496126,2.0,,0,1,1,3,0
10.502774246743577,,0.7971871314793728,3.0,5.3264077159162735,0,0,0,3,0
5.6611894377572565,8.33155054328803,2.850422837817024,5.0,4.554230125443755,1,0,0,2,0
10.08672038475987,,8.47051800520682,0.0,11.496200217845294,1,1,0,1,0
7.674752482108307,6.160273851725252,3.2349633309486086,,8.382263071498704,0,0,0,3,0
10.141197337186318,5.0608411449147805,1.872940627655204,3.0,4.658519984390894,1,1,1,4,1
7.473481686914966,5.9416898358934205,4.343603003954504,4.0,9.765578897149922,0,0,0,4,0
5.390235798670962,,3.4653757744184253,3.0,7.501746735722196,0,0,0,4,0
5.744915124233675,9.326879458901914,3.3401889809036827,4.0,7.643133552778754,0,1,0,1,0
,8.814865292408284,3.713701186431342,,6.138806978118868,0,1,0,3,0
9.519445003442964,5.766725867320589,6.613087129659083,5.0,5.126460032607566,0,0,1,5,0
7.191366749791182,,0.2382231293481687,6.0,7.844415247636503,0,0,0,5,0
10.277184917554749,6.711329370366806,3.4472641536229087,3.0,5.637281925011024,1,0,0,2,0
,,0.6472377400369231,4.0,11.541889073937762,1,0,1,1,1
,6.984751571277172,,1.0,3.8267722368922397,0,1,0,3,0
6.577967600475087,6.278596120551997,0.6626269770278113,,10.840391932137363,0,0,1,4,1
7.696327784395682,,,3.0,6.721702878005498,0,1,0,1,0
9.094797342632829,4.1079453990998065,1.9098201715241874,2.0,7.747714335052764,0,0,0,1,0
7.279173269432095,7.270400159854574,4.451633438689418,4.0,9.082894416573588,0,1,1,3,0
8.23088891154035,5.700948740507133,,3.0,,0,1,1,2,0
11.012585618428881,4.745124746434568,0.008565247107231055,5.0,9.160620961746591,1,1,0,2,1
7.846216260953702,3.0,2.6098682219996974,3.0,,1,1,0,2,0
10.671384224130284,6.458727642424045,1.0808402905016548,3.0,5.200026166945152,0,1,0,4,0
,9.158377395004617,0.0,2.0,4.689842981647336,0,0,0,4,0
10.059608355830566,,2.065965899151259,,3.8662349690705957,0,0,1,3,0
11.8831372413158,,1.8830344230883607,4.0,6.462612904802622,1,1,0,2,0
4.056710999745421,,7.353432972691045,3.0,7.964374920454237,0,0,0,3,0
7.406209489059046,7.203161384112535,,2.0,,0,0,1,2,0
10.15414425436108,5.002421841217563,,,7.602191893001019,1,1,0,1,0
8.593909227914015,6.952687849729199,1.3704519916581155,6.0,5.335766337766133,0,1,0,5,0
9.742291746742618,7.649120417577036,4.542766590858797,4.0,7.922541094562918,0,0,1,5,0
7.792029626568359,8.340399835826462,6.67688554573985,4.0,7.310714237127127,0,0,1,2,0
9.1731795749458,6.349768885280071,0.0,2.0,9.34014041984004,0,1,0,3,0
8.68864552921584,6.194489374734551,0.0,1.0,8.94234175732879,0,0,0,4,0
11.335564123319614,,6.241930350743564,1.0,7.076191034801572,0,1,0,2,0
9.508841686602427,5.2596794689402095,3.2792283547418077,1.0,4.756867484596858,0,1,0,2,0
9.675205324150404,6.16028166214771,0.7634145362472671,4.0,5.3676246104197975,0,1,0,4,0
,7.051048260224267,3.5692581722448704,3.0,5.625526600904917,1,1,1,2,0
8.024787551855013,7.870376939349875,0.0,4.0,6.2118341652093605,0,0,1,1,0
8.134883624360759,,2.506751013194322,4.0,7.670126068974383,0,0,1,4,0
9.788904284756594,,3.1556423456861706,2.0,8.787935975320146,1,1,0,1,0
8.158031038359475,6.093314598436147,4.348540279075659,6.0,6.872203267461556,1,1,1,5,0
9.579549713792826,6.467949058477346,0.4722080954149246,3.0,7.040311969751181,1,0,0,4,0
13.150801597290878,,,1.0,7.358265762500009,0,0,0,4,0
10.742249406863385,3.0,,3.0,5.71023671716915,0,0,0,3,0
8.347952935664317,7.826068094541575,,2.0,4.68651935589261,1,0,0,3,0
,,,2.0,3.0,1,1,1,4,0
8.183849253956897,,1.683798321679559,3.0,5.262126604807819,0,0,0,5,0
4.923750929644292,,,3.0,8.182863633169468,1,1,0,2,0
6.983827378165191,7.273908826556149,3.802272483647314,3.0,5.242721404901081,0,1,1,3,0
5.258416157948289,4.156181214670186,4.216902233313331,3.0,6.4054824064351505,1,1,0,5,0
8.296973031917382,5.706420983980558,2.0307588600851725,6.0,8.166078218530792,1,1,1,5,0
9.036836758379103,7.69139701943274,2.576475989920057,6.0,8.301723741056671,1,0,0,3,0
,4.618565865246126,0.0,3.0,4.301167869584902,1,0,0,2,0
9.653854747528325,6.940336898249944,1.9006467039864259,3.0,,1,1,1,3,0
8.561798942382271,4.465127293064892,,3.0,9.818375223388713,0,1,0,5,0
10.658811162366979,7.199644973650289,7.74158618205995,2.0,4.175375356953601,0,1,0,1,0
4.57772938198423,,0.27606594845167276,3.0,4.940407825897115,0,1,0,3,0
9.471229116217131,4.077302276141736,,3.0,9.977726707865479,0,0,0,5,0
10.541730387773933,,4.493717546931616,3.0,6.632866196861748,1,0,0,3,0
,5.398112634802926,3.0612728089802728,1.0,3.0,0,0,0,5,0
11.287508086413858,5.2846213444784285,6.017240968390267,4.0,3.5007962381682844,0,0,0,2,0
9.676992814988829,6.800853795846415,,,6.376575937068797,0,0,1,5,0
8.169424172198397,8.222956024143073,3.2783183913358576,4.0,4.092393374288495,1,1,0,4,0
10.26556373221257,4.976267271532405,,2.0,5.966440573408897,0,1,0,1,0
13.541385715608792,6.592519774771957,4.9471377648372545,2.0,7.080990534208947,0,1,0,5,0
9.363732510116991,,4.692938467621767,5.0,10.655636510086822,0,1,1,3,0
9.496441172600672,7.539658410894717,1.2486454250075751,4.0,6.273865209430527,1,0,1,3,0
8.081278200919511,,0.0,1.0,9.681354498931897,0,1,1,5,1
7.300311261070417,5.949458241375017,2.094038725208686,1.0,10.571900405091926,1,1,1,4,1
10.66067163308849,5.258614669026921,0.8999228712047072,5.0,10.58577417338019,0,1,0,5,1
7.287832348182265,6.629215824569562,2.37295085076929,3.0,7.71188648346392,0,0,0,2,0
9.143132474438785,4.89179148202159,4.974876269368279,1.0,3.0,1,1,0,4,0
8.044685106469768,3.0,1.58539668982642,1.0,8.152062163509664,0,0,0,5,0
9.957959651492784,7.154839706236501,2.4143532373768504,5.0,9.620999719533852,0,0,0,1,0
,7.855902261629293,2.6160454696167905,4.0,6.7973322364114575,0,1,0,4,0
11.075079888515798,3.0,,4.0,11.361459675188122,0,1,1,5,1
7.979967202290506,4.985403942935093,0.0,1.0,9.149583903668644,0,0,1,1,1
8.460250129413257,7.428731391507797,1.2865994104694065,0.0,8.42068344288196,0,1,0,5,0
7.042472568435385,9.586243204567548,2.9225673845589455,4.0,9.715951778014595,0,0,1,2,0
8.111413479847776,6.531190561513112,,2.0,7.833424628152195,0,1,0,3,0
,,1.5161951049875897,,3.0,1,1,0,5,0
,,0.0,1.0,5.752152621324086,1,0,0,4,1
7.155669351644749,8.562314628722277,3.7394228919322723,,9.992920068119634,0,0,0,5,0
10.73921184021132,5.531053731313197,,4.0,4.981021649754259,0,0,0,5,0
11.711275717609901,5.301211990024619,0.12066668181927742,2.0,6.441318736907652,0,0,1,5,1
,,1.2513092205735519,1.0,4.387909215242322,0,0,0,5,0
12.753591625116131,5.070007087611931,2.1309492846883007,1.0,11.459806488004421,0,0,0,4,1
7.452421601792854,6.684005473992193,1.2905106709235745,3.0,11.203731143545038,0,0,0,4,0
6.510690593377166,8.93701768770434,0.0,4.0,4.790327762148177,0,1,0,5,0
5.442559502191443,,,2.0,,0,1,1,3,0
11.992088622978367,6.121469746810568,5.049750082557445,2.0,5.29876488058988,0,0,0,5,0
,6.062283096626684,3.8030439826790117,4.0,8.537361597578446,1,1,1,4,0
,,0.22462865915036678,3.0,8.274207693105822,0,1,1,2,0
9.55993725263964,7.824664665720738,2.097016932104964,1.0,9.029263929033164,1,1,0,5,0
6.7490219054032465,6.383244204480797,2.486957369541084,1.0,7.8297961192697185,1,1,0,5,0
13.891503959233653,6.229280129614062,3.6975887791238202,3.0,14.0,0,1,1,5,0
9.258442363950454,10.0,3.8366809774361617,2.0,4.430190587473152,0,1,1,5,0
9.218789589209786,6.94812936254853,1.0316524024430085,,3.0,0,0,0,1,0
,5.372313424857223,2.6639911128271208,2.0,6.017274498246346,0,1,1,5,0
9.962018463473427,,3.4145608092304824,6.0,3.080029336099331,0,1,1,4,0
9.447768048558263,8.222668563795132,5.411644644293533,,3.268844324985018,1,1,0,4,0
7.419051089109376,6.6699056158066465,3.909013079649446,4.0,4.496713364505083,0,1,0,1,0
9.942936714271992,,,2.0,4.694527736420931,0,1,1,5,0
12.764048992950068,7.878843401862805,,2.0,4.61345474512485,1,0,0,3,0
11.690840092309955,5.497783871691509,5.320918290407008,0.0,8.295547376113529,1,1,0,5,1
12.186373253278795,9.309946664326318,3.3195255919189948,5.0,5.73452734728666,0,0,0,4,0
7.9775686471376295,,0.7778241796528591,2.0,6.551213562818799,1,1,0,2,0
7.020790359482838,5.829017156511873,5.306739940250381,4.0,9.235581936252338,0,1,0,2,0
8.748426159800704,8.421524542602668,3.895806545078055,4.0,,0,1,1,3,0
9.11144982457739,6.601783265791105,1.6139119577430354,4.0,6.338635253238195,0,1,0,5,0
11.188383036941897,7.77916051268333,1.5410140652015132,5.0,7.914399965232289,0,0,0,1,0
,7.227099225941712,,3.0,3.0,1,0,0,5,0
12.059100638921228,5.23046501751369,3.4263695905351694,3.0,3.0,0,0,0,3,0
8.683984202842021,,,5.0,7.865293321994307,0,1,0,3,0
8.14623786010516,8.044941226371742,3.12261734688577,4.0,8.230035701417247,0,1,0,3,0
6.975791249479665,,,3.0,12.160550337131028,0,1,0,2,0
5.690286656268461,5.894527305137005,4.643086304469771,4.0,7.395237189667025,0,0,0,5,0
10.64634116792383,5.0673161309759704,2.8812711825300488,3.0,9.049349293145237,0,1,0,5,0
9.146635934376807,7.135398598390191,4.382621161534967,3.0,6.511318391035066,1,0,0,1,0
,9.593787378864718,0.43495219294492093,4.0,7.743068053962716,0,1,1,3,0
6.409842455872768,4.898700628618591,3.295854099893618,3.0,11.168142104373835,0,1,0,3,0
,6.536329185009137,6.118612699466221,1.0,3.0,0,1,0,4,0
12.338043050578786,8.618330833123144,2.0639082092152523,3.0,8.0340406439292,0,1,1,4,0
,6.380537913131428,0.8047321427618304,,12.338966825193415,0,0,0,2,0
,7.178557694374601,1.1958222228138786,2.0,7.705085548023356,1,1,0,5,0
,4.90640970777968,0.32073392531522327,4.0,11.12643240808212,1,0,0,1,1
8.45455286050466,,0.9304761837445932,4.0,5.426969626176394,0,1,0,1,0
4.0,6.219283602493177,1.758983802819942,1.0,6.919881264590717,0,0,1,3,0
8.891410266964376,7.978594993519795,0.0,7.0,,1,1,1,1,0
8.538130939582643,8.281079077347126,2.531236667899206,3.0,3.0,0,0,0,3,0
10.392412729626837,10.0,4.304554347573294,2.0,4.0795554303745,0,0,0,5,0
12.69791218989069,7.369449759820363,0.6844876397061592,6.0,4.257812301540035,0,0,0,1,0
11.253130059095515,,,0.0,9.055165195081319,1,1,1,3,1
,,3.5215841770551894,,9.180382764210137,0,0,1,5,0
6.786948182516659,5.970250560783968,4.561161171248115,3.0,7.8100911067663334,1,1,0,5,0
14.0,7.007725765192537,1.1843308922957259,,9.060257242139265,1,1,0,3,0
9.118436868028976,6.056897884791455,4.209050454133232,5.0,6.589626468195565,0,1,0,3,0
9.027858583825893,6.752691464404421,0.31613219920937397,5.0,10.004829173848858,1,1,0,2,0
8.951749825779993,,4.280495001673017,2.0,7.02197110658018,1,0,0,5,0
,4.990186152080538,2.8436786795870623,4.0,7.144660118566891,0,1,0,3,0
8.711279176152114,8.209817841693567,3.6065024399695673,,6.336018416843972,0,1,0,5,0
7.852675986239527,8.475672601009798,0.14881078875029674,6.0,8.711126194091069,0,0,1,1,0
7.906282117519216,6.322897209513382,0.7098603154467906,1.0,5.947002958467717,0,1,1,4,0
8.934493459568003,,3.6944564365067696,3.0,,0,0,0,4,0
7.9131504577324705,5.5882670193583515,,5.0,4.169627148209983,0,1,0,3,0
7.574308434645671,8.445491819841664,,3.0,4.252709363179515,0,1,1,3,0
9.212860455383794,6.465697906551677,0.0,2.0,8.71856688781626,1,1,0,5,0
8.49004556515829,5.001046651557633,4.196348425333336,0.0,,0,0,0,3,0
,5.742837618157674,0.03495337046298186,1.0,5.865271459617179,0,0,0,5,1
4.0,7.760930039756829,3.6045998753590465,4.0,9.225144331188648,0,0,0,3,0
,,3.7512618672920017,6.0,5.481846464784789,0,1,0,5,0
11.492170384995259,6.141601851245459,,2.0,6.499496864249076,0,1,0,3,0
,5.949763382277968,3.6640531341694538,4.0,10.498069875177897,0,1,0,2,0
8.314624811839302,5.912362776434267,,1.0,10.847855864526625,0,1,0,5,0
8.257118268008417,5.116384723252246,1.4223162876145234,1.0,,1,1,0,2,0
6.184976610564357,8.923063534204163,,9.0,6.294685557665222,1,0,0,2,0
7.444366624818249,6.01651929618299,0.0,2.0,10.076757262461175,0,1,1,2,0
6.7788483090683425,8.325737781238244,3.1993000945993875,2.0,4.627617930578305,1,1,0,2,0
,8.781974077883678,0.0,3.0,4.7327428131948475,1,0,0,1,0
10.871356786294923,,2.6906883988826165,4.0,3.0,0,0,0,4,0
11.543110189988317,,1.9731035678355018,2.0,11.182170504746324,1,1,0,1,0
10.443344128086471,7.105595135504914,,1.0,4.8400503773098045,1,1,0,3,0
6.741896457565542,6.463706590413626,,2.0,6.68366855063235,0,1,1,3,0
7.950959467440453,5.144447208904808,1.8411044273058172,1.0,4.72418914517929,0,1,0,4,0
9.978749122455836,6.986538922582405,3.963741408576591,0.0,8.73791312082535,0,0,0,4,0
6.555744382216109,4.731440313260296,3.170116058168235,3.0,6.060915848206649,0,1,1,4,0
10.425996860344776,8.281519082692345,,2.0,3.7379577739176266,1,0,0,2,0
8.51934920368373,5.80307405405241,,6.0,8.104156410465151,0,0,0,1,0
8.250358384900805,6.801739483809259,0.0,2.0,3.415674937974429,1,0,0,3,0
10.421919936406983,6.924931807319213,4.013577359973964,2.0,4.906485686711272,1,1,0,1,0
,6.111642539443884,3.7249375880272044,2.0,3.0,1,1,1,1,0
8.27806766836184,7.380040702212912,0.46663374284700554,6.0,3.440104719505983,1,0,0,1,0
,5.787644515066213,2.0118390526515975,1.0,7.446322924301195,0,1,0,4,0
6.837873344800205,7.806945946185866,,4.0,3.0,0,1,1,4,0
,4.481030479629878,2.2310064311965347,,3.297135688445711,1,1,0,3,0
10.186202515936767,6.689569369319618,3.1677199331370693,2.0,6.99407770966798,0,1,0,3,0
8.380907121372019,9.408393498587428,,3.0,5.640982759767368,0,0,0,3,0
,4.999503013091638,4.663533455345657,,11.980091589898272,1,1,0,1,0
6.497772847229394,,0.0,,11.584741365060939,1,1,1,4,1
10.848054038413801,7.270861774488372,3.7441399806120974,4.0,4.830193843122116,0,1,1,2,0
8.630195727114021,6.769372672909397,5.15786663907082,2.0,8.392844046008705,1,1,0,1,0
7.954553958961921,7.025945148910338,3.2736170413784054,4.0,8.873206392198629,1,0,0,5,0
11.098018451673779,7.233780695221495,4.681960850371934,0.0,5.506302854938991,0,0,0,1,0
7.591312618914482,,6.52454089140153,2.0,3.2611461587544905,0,1,0,4,0
6.183077407272881,8.164549762934335,4.547419092213962,4.0,6.969253876729856,1,1,0,5,0
,7.1147279853927685,,4.0,6.567885812964723,0,1,0,1,0
10.21201990269128,6.138113518072187,4.590176948169507,2.0,5.910588757573452,0,0,1,4,0
,7.508860551804097,2.7897756661937825,3.0,8.105792170411213,0,1,1,4,0
12.50958836396873,9.349822902342822,2.547806086569911,4.0,,1,0,0,2,0
,6.301049380426139,1.797171528572535,4.0,4.1200061310521425,0,1,0,1,0
12.392912736580076,5.038206042994037,5.626826717664216,3.0,7.27270742587458,0,0,0,4,0
9.422034934405238,8.160621003930459,0.8631426681159973,3.0,7.96492523142219,0,1,1,3,0
8.806573776259215,6.319428254069603,5.564735449356232,3.0,4.058387640249867,1,0,1,4,0
7.910161826382101,3.240995680978946,3.4997282474807427,2.0,9.320226527477702,0,1,1,2,0
9.798272228704143,7.771132515725633,0.0,3.0,3.0,0,0,0,4,0
8.924730595150303,5.697007721069116,3.235298585982843,4.0,5.554716353210892,1,1,0,1,0
11.206603764033042,6.364200076543759,0.0,5.0,,0,1,0,1,0
,6.997970495853522,3.7510160336620713,5.0,5.409440718370176,1,0,0,5,0
9.300603522923755,6.7857495196686,4.270462965977982,1.0,5.587348816122018,1,1,0,1,0
8.272775575572288,7.564177725708559,1.3152880886958929,5.0,11.677686205770286,1,0,0,5,0
8.886108752557865,5.846770444145235,2.7470953919111647,4.0,4.872789777402753,0,0,0,3,0
9.615603537784118,7.269658697264124,,,13.103054306179786,1,1,0,2,0
,6.110679983624125,1.4885065914761266,2.0,8.092816949327629,1,1,0,3,0
6.303629155788574,7.608215721331255,0.38218482588679903,1.0,7.23013784327998,1,1,0,5,0
10.48652818804543,,5.463326804925197,3.0,8.190600883469164,0,1,0,4,0
,5.096841946933107,6.42517438106159,5.0,13.32481937312988,1,1,0,4,0
8.632033327294641,8.128973174262548,2.5073913436956947,,4.5160174901713805,0,0,0,3,0
,5.696054832328928,4.5229260708167125,2.0,4.198955202659027,0,1,0,4,0
9.695163410723342,7.712086697421718,,3.0,5.112834508570197,0,1,0,5,0
7.920480639381277,7.050930970102011,,3.0,7.0803578674114025,1,1,1,2,0
7.4433905491953745,9.257275515192685,1.5293883292642634,3.0,3.0,0,1,0,1,0
9.391690510195364,6.1648010264422215,,3.0,,0,1,0,5,0
7.043254444769936,5.9760248058227035,,5.0,11.23386783353418,1,0,0,5,1
9.816505511428943,6.470870591168401,3.6257617203487094,4.0,7.378518476561944,0,0,1,1,0
5.594832791524319,,0.7403712929958914,3.0,6.268286352561808,1,1,0,1,0
11.058311274651288,7.699912852913075,6.474122223398883,5.0,5.454598878290931,0,0,0,2,0
9.945194964826086,,1.438058204376071,4.0,9.24627926137891,0,1,0,2,0
9.51205946862775,4.919476371280469,1.8297244376570965,1.0,4.935418066904881,1,0,1,2,1
10.965381967891028,4.89829561763121,,,11.61598980149812,1,0,1,4,1
,,,3.0,11.833399369285893,0,0,0,5,0
11.028740130036262,9.065920058872887,4.207951953104447,1.0,7.641876996654469,1,1,1,1,0
5.318251537336709,6.343326172193793,,5.0,6.9712122798083875,0,1,1,5,0
6.4408460665285965,6.246767415214984,3.4265770602362124,3.0,,0,1,0,5,0
,6.605078244669772,,2.0,9.736996255568313,0,0,0,2,0
9.052182100421668,8.242817453912286,3.6162790290370124,3.0,4.985020672351461,0,1,0,2,0
10.035318040938247,5.108970298714139,0.0,3.0,5.683612167158245,0,0,1,5,1
,,1.9067850818604033,3.0,3.6941314132917613,0,1,0,2,0
9.373533528954157,7.962796444673645,2.982643869833562,1.0,8.022662345835142,0,0,1,4,0
7.489234135293355,7.251641254909768,0.19797183276098584,5.0,8.666569708642227,0,1,0,1,0
,6.784372424898115,3.27264663562312,1.0,3.6251859053468176,0,1,0,5,0
6.186677806303555,8.001569138850712,2.091057558027757,4.0,5.862002737959602,0,1,1,1,0
7.153533507778191,3.0,6.01095139663098,2.0,3.631865206046627,1,1,0,4,0
6.296630788767333,7.516812979296361,5.646039450429713,3.0,4.753000474390406,1,1,0,2,0
7.048253494045334,,,4.0,8.377542650565749,0,0,0,3,0
11.10728359321568,3.7540506547153147,,3.0,5.166294833304302,1,1,0,4,0
7.101202222336114,7.266803899287471,2.352104868783215,8.0,6.247935109919253,1,1,0,3,0
14.0,8.560487817744438,1.5966810476807547,2.0,3.0,0,0,0,1,0
9.986635801761778,,2.8900499680562532,2.0,7.467475524311661,0,1,0,5,0
9.369672247389747,7.929311820804408,0.9834358622248196,1.0,6.8893167003883775,1,0,1,2,1
7.283284439637573,8.918417386982968,0.2387693301249474,1.0,5.1776018749170944,0,0,1,4,1
10.400619758817983,8.472371680376071,3.745422447800537,5.0,6.527464255793815,1,1,0,2,0
7.848724347524453,,3.7590591684436214,2.0,7.450737201258611,1,1,1,3,0
9.244019629290722,7.613191236607838,0.8913684806800153,0.0,,1,1,0,3,0
14.0,6.613150458352389,4.290710861525199,2.0,3.309343639995552,1,0,0,5,0
,4.097051282154247,1.2368445416693372,5.0,11.513936081717038,0,1,0,3,0
11.298546652571352,6.130906267805077,3.0063304760759624,4.0,5.416818238224319,0,0,1,5,0
7.593647149748225,,4.140688025224912,4.0,,1,0,1,4,0
8.930023019006077,,2.432774870592574,4.0,9.527099337550784,0,1,0,5,0
12.54160127127102,,3.4094818242822686,4.0,14.0,1,0,0,3,0
7.746065884424465,6.684807210176729,1.4671407122248565,1.0,,1,0,0,1,0
12.624897115993857,7.3272280640607015,2.1070668331438056,3.0,8.124568034316274,1,1,0,5,0
10.415503870910952,6.56540366955868,2.0882811382393194,,5.231119286764734,0,0,0,2,0
7.875066448211465,,1.0068433069195222,4.0,5.653024238558222,0,0,0,1,0
10.264815478111043,5.566025957398322,2.1464516737684356,4.0,5.199469947483025,0,1,1,5,0
10.94510889925346,6.7919111828558645,0.0,3.0,4.185862580498537,0,1,0,2,0
10.243619924434393,5.386294121452927,1.5176925057157906,3.0,6.896771595538347,1,1,1,1,0
5.859550560219088,,1.9302490132606582,,3.313743282379411,1,1,0,5,0
7.545725648350263,5.582346363642072,1.9876404950092397,4.0,9.367018916279676,1,0,0,4,1
,,2.0170051082584424,2.0,,0,1,1,2,0
8.851133141799908,5.85604666322411,2.3764716002797424,3.0,8.0560874322536,0,0,1,4,0
10.241344195101355,5.461368530189216,3.4588830361721277,4.0,5.834528470134442,1,1,0,3,0
9.355402001866508,4.390523804492249,4.249034148265045,5.0,6.081990164470629,0,1,0,5,0
,6.375341641056957,1.2004695463034658,2.0,7.7189097629183205,0,0,1,5,0
9.760395702011927,4.242919438953496,0.0935982892217111,2.0,4.089873418985436,1,0,0,2,0
10.221171490567647,7.640083945534403,0.4159111755137941,1.0,6.105023913966661,1,1,0,5,1
10.119580895862079,6.623659629401755,1.5255941576101457,2.0,4.850966215303865,0,1,0,3,0
11.161561451109243,4.3136727508026045,1.796157364366982,4.0,4.773577973522464,1,1,1,5,1
,6.036186384425205,0.9600078676050854,2.0,3.0,0,1,1,1,0
,5.371765391614125,0.0,2.0,10.348316473699999,1,1,1,4,1
8.859668577082706,6.978761765628771,1.5877583450516237,4.0,5.283653117115578,0,1,0,3,0
5.678078132968017,8.510675669034717,2.8628532402279427,3.0,9.908440137908876,0,0,0,3,0
9.859236438265171,,3.690058931671129,,9.67198080348573,1,1,0,4,0
9.415375374326223,,1.3851538937833576,1.0,3.785000733708766,0,0,1,4,0
9.543157674390747,6.2598008066500395,1.6740043557131319,,4.278971910817885,1,0,0,3,0
6.446502848359382,7.5070101146756985,0.6466033823053785,6.0,13.401257398389209,1,1,0,4,0
6.837886919183475,6.819794942356534,2.437121659250447,3.0,11.377314854817858,1,0,0,2,0
,,0.8031427316183708,,6.92120371667974,1,1,0,4,0
8.92088969228669,6.021419096500073,3.6462556264824,,7.643432766043373,0,0,1,1,0
,5.305961214794767,0.0,6.0,5.422883992632029,1,1,0,1,0
,8.114010707897897,1.7807406550950753,4.0,8.08088178550085,0,1,1,2,0
9.059512278991491,6.531967473007914,3.102214678383484,4.0,5.207045248193822,0,0,0,4,0
10.876567611951995,9.351786028629512,,1.0,3.0,1,1,1,1,0
7.967910543565252,6.409008779278069,7.886067327960993,5.0,3.6961105337223725,0,0,1,5,0
9.192241553881967,5.437389849634306,3.199600049135815,0.0,7.052731869626468,0,0,0,4,0
8.075449422589916,4.229428411080759,0.4918908063159795,5.0,4.17233191124353,0,1,1,2,0
8.131007545135368,3.7952904856160825,2.309071505821854,2.0,6.831806337716164,1,1,0,4,0
8.381655753062722,,,,4.313347401417842,1,1,1,3,0
,,,3.0,5.044115193745016,0,0,1,3,0
8.042502756673045,7.2630875348449,0.8338878859984826,6.0,9.132913266032979,0,0,1,1,0
,4.128213946951799,4.3307805511203235,3.0,7.618701369100261,1,1,0,3,0
7.210785395560992,7.842557471114173,1.4009194508089302,2.0,6.975838946716632,0,1,0,2,0
8.626256711677282,5.7754084224748405,2.266468168409507,2.0,9.197409932676628,0,0,0,1,0
,6.720189517978324,1.2288843171911932,2.0,8.201521483368369,0,1,0,2,0
,,5.977702703706663,3.0,10.616408228128419,0,0,1,2,0
9.39310955302315,,1.8575144677641766,7.0,5.85035184421215,0,0,1,3,0
11.06368907893727,6.097204028141252,6.165114086958404,0.0,5.925912553681228,1,0,1,3,1
6.028879253926056,5.163211661877069,4.128303524236533,3.0,3.747226834021637,0,1,0,2,0
9.534100531738517,3.2722768980060426,3.4641334546707725,3.0,5.92754820656895,1,1,1,3,0
,5.42127002113637,3.2374662946350394,4.0,9.411924735756115,1,1,1,3,0
9.16456797855085,6.1833046417584585,,3.0,10.249968430655334,1,1,1,3,0
11.130960750130702,5.019230709273224,0.0,,9.40076292021667,0,0,0,4,1
7.9654230997992554,6.303114549361543,1.942233211698487,3.0,3.0,0,1,0,2,0
11.81869488037116,6.615277824438152,4.190315942368644,3.0,9.707863031651836,0,0,0,5,0
13.5977962472385,6.162716027287882,2.402205633051789,7.0,3.0,1,1,0,2,0
8.274322879120682,,0.0,2.0,9.245293310305868,0,1,0,1,0
8.108994957198457,6.7529820079500915,2.395191098845061,2.0,6.080538683572362,0,1,1,3,0
11.906768954235401,,,,8.75633328483464,0,0,0,3,0
12.159144291461425,4.864401383835731,,3.0,3.6688791302635853,0,1,0,5,0
,8.616398569619406,2.3759919812679366,4.0,9.927919081765367,0,1,0,1,0
8.159626365808286,6.352117801573607,4.402898554116173,2.0,3.3375631347377777,0,0,1,4,0
8.436430782278986,6.528274434417272,,3.0,5.328862722867056,0,1,1,2,0
6.3110989779314455,,0.0,3.0,4.5047634305774125,0,1,1,4,0
,6.849824196895252,0.6510680237408912,3.0,3.0,0,1,0,1,0
6.991718466495865,7.929704950869867,5.625777537016395,2.0,7.236318918971171,1,1,0,5,0
7.464404869791743,6.930686247802736,1.9520138363413917,3.0,11.515222794592404,0,0,1,1,0
8.930630225226437,5.5813439380393435,2.013232041249964,1.0,13.667263055800023,0,1,0,5,0
9.468429465073042,7.042255287809152,,5.0,7.242889467715619,0,1,0,4,0
,,6.308273179146013,4.0,9.791703187668805,0,1,0,4,0
7.003291918522418,6.662839558664785,5.7519178307241265,3.0,7.5802365948213435,1,0,0,1,0
10.968644796953168,6.450155014033308,6.937560466896268,4.0,8.247207986920532,0,1,1,1,0
8.572022311548983,6.187824714091191,2.1819095791998975,3.0,6.144628372181903,1,0,0,3,0
,,3.0912489774941903,3.0,7.487692313556505,1,1,0,5,0
,,0.0,4.0,8.343696761516071,1,1,0,3,0
6.754555956875403,5.676912638388558,5.453868852236549,3.0,5.553850677809171,0,0,0,2,0
9.764819492368101,6.6392673517116725,0.16444089746413004,4.0,6.80626425026753,0,1,0,2,0
9.332904416426112,6.739784587996101,2.9335511275252584,2.0,6.853924702506279,1,0,0,1,0
9.984902528016299,4.958487288611063,0.30539494473431184,,9.066008293326313,0,1,0,4,0
9.578337287815636,,,4.0,4.334919570930799,1,0,0,2,0
13.91060027982179,5.2007377276782485,0.8254751379005993,2.0,6.871144478480871,1,1,0,2,0
7.724520031497368,7.954185800790105,,3.0,,1,0,0,3,0
7.938006089996365,7.140791542807527,1.4217545937020428,4.0,9.910150381464844,0,1,0,3,0
,5.5306590352342955,1.4034624101498459,4.0,10.372947622221762,1,1,0,2,0
7.8890457616794905,9.162966338914268,,4.0,7.061079600445085,1,1,1,1,0
7.725225745386965,4.7095447523652805,0.2902744138749598,,7.802493909215058,1,1,0,3,0
11.378033062215103,7.878731260415002,2.9410828540277336,2.0,,0,1,0,2,0
11.84100849597971,8.000873477064466,4.935918304611117,3.0,10.900638823827327,0,1,0,4,0
7.858507412501048,5.494069686385033,1.473607270973208,3.0,3.0,0,1,1,3,0
7.335288853791543,8.588697950096494,1.0641622185047963,3.0,3.711396732375386,0,0,0,2,0
9.942831112772808,6.1249302281015705,2.0389507496394983,2.0,10.27361025350662,0,0,0,5,0
7.895553911438057,,4.859450416721421,,6.307776610577991,1,0,1,3,0
10.265863635511021,6.890482758156831,2.8882152619067156,2.0,5.3206980268548065,0,1,1,5,0
,,1.437571410784803,6.0,3.8645975325109903,1,1,1,3,0
5.968511770005536,,,4.0,,0,1,0,3,0
12.095010402660122,7.690233080828319,0.29541570032715336,2.0,3.494076791440438,0,0,0,5,0
12.591755346191043,3.8772020401427287,3.862719020885896,1.0,12.227735681831192,0,1,0,1,0
7.7744226190312276,8.456510364317229,3.317214615403535,4.0,6.943909870048566,0,1,1,2,0
8.224596880128031,4.006262017946488,,4.0,6.855123645593206,1,0,0,1,0
9.57173078144981,,0.822828403105538,2.0,8.470191687919579,0,1,0,1,0
9.668913579974049,8.190057705241376,0.7266381554330854,6.0,9.405862923166424,1,0,1,2,1
10.31708854534566,4.863550354677203,3.56963467269182,,9.364720391386598,0,0,1,4,1
,5.883778568068123,4.957961004978124,0.0,,1,1,1,1,0
8.6461055450119,4.841442997271097,1.2253845059424104,3.0,5.4228861230228596,0,1,1,1,0
7.4034055109230925,6.177618454566897,3.4167734071029683,1.0,6.255332987607847,0,1,1,1,0
6.241361543970946,6.037948573721388,0.0,2.0,8.92257913860569,0,0,0,4,0
7.538139920116162,7.669490798404009,1.3307645386856009,,5.68152734590095,0,1,1,3,0
8.933746054252406,8.465463119179413,2.437882134258196,2.0,6.987233419931937,0,0,1,5,0
12.589115727035576,8.593525716184935,0.6806331660363327,3.0,7.996909411062036,1,1,0,5,0
7.964777401927657,5.656747960132547,0.626987250420808,3.0,8.96296270577594,1,1,0,4,0
9.447575903277796,6.186167189383208,1.1644408870622276,2.0,3.0,1,1,1,1,0
8.967154207854495,3.9748427116685745,,5.0,8.786864124722364,0,0,0,5,0
,,2.1253419631872505,1.0,6.415689855370687,0,1,1,4,0
14.0,7.947277449646187,0.0,3.0,8.768644277160952,0,0,0,2,0
,8.923374235322347,0.0,3.0,8.942329230887072,1,1,0,5,0
8.021121114963556,4.648476692180116,1.2862696442856492,3.0,11.019787652797895,1,1,0,2,0
11.088321754138144,5.6113036112706585,3.4153731721071043,,,1,0,0,1,0
10.363782979252623,6.46039136456161,0.0,4.0,10.36642915652574,1,0,0,5,1
12.693414651472068,6.92024173822941,1.5005396476967388,1.0,10.609175797915595,0,1,0,4,0
10.167856370651927,,,4.0,7.728447462039865,0,1,0,3,0
8.28141581842588,7.136091566696135,5.276675556416896,2.0,7.080462717592099,0,0,0,5,0
10.181309661384619,5.789240979393626,1.7299563765742727,1.0,9.182042707945836,0,1,0,5,1
11.217407161165816,6.4783215936825815,3.265977969481857,,8.830202378582555,0,1,0,5,0
10.640964362394728,7.319426372005549,2.7825142801749263,4.0,,0,0,1,5,0
10.014548062214596,6.509633404716407,,0.0,8.01205852202067,1,1,0,4,0
11.133349379178307,5.845421164210147,4.036414433263475,4.0,6.912258833038514,1,1,0,4,0
,6.335585294111254,2.9307930109125757,3.0,4.86516772884986,1,1,0,3,0
11.764317982075054,6.367455561191997,3.516537279349179,4.0,10.226151853440875,1,0,0,4,1
10.297419775179286,5.944983455176809,10.0,0.0,,0,0,0,4,1
8.665763839366292,6.111805905999346,,2.0,12.121770644247126,0,1,0,1,0
9.293427372866645,8.897970755757076,5.949393299522217,,3.0,1,1,1,1,0
11.413017933016715,7.341379171911858,,4.0,5.608053067891584,0,1,1,2,0
7.366128658025528,6.056779522956259,,4.0,7.081597091727178,0,0,1,3,0
9.737346617745802,,2.4089755093975156,,9.843452744072286,0,1,0,1,0
8.213322375345278,5.999270765365985,1.651527333203913,1.0,7.998673431505463,0,0,0,3,0
9.057489645869635,8.259686956379962,,2.0,7.776181885451878,0,1,0,3,0
11.556903725214598,7.054463288297141,3.159017471146018,3.0,4.181840518614632,0,0,1,5,0
9.382198136039806,6.339046783993656,0.0,2.0,4.107646506926322,0,1,1,3,0
9.092873096312298,7.171575388715416,4.001158335043531,4.0,7.806261650724762,1,0,0,5,0
,4.1436857718972515,1.6676111902294921,3.0,3.589735015454104,0,1,0,2,0
,4.809848796635292,0.23986132191928444,,5.670305624276678,0,1,0,2,0
,4.7091124904014166,1.5999742840083726,1.0,8.252293322714644,0,0,1,2,0
13.32650944661092,6.71441464214556,5.014298433725146,3.0,4.54418931930806,0,0,1,5,0
8.384443530093998,9.098772499227637,1.4293298259675538,4.0,11.013389905904516,1,1,0,5,0
9.438300655327877,,3.2169072364192406,3.0,10.059840860594726,1,0,1,2,0
9.498767367421511,7.457076652161136,1.0380874485690534,2.0,,1,1,0,5,0
12.15490655952695,7.251266712416685,4.015843699847239,2.0,4.669071892045032,0,0,1,4,0
8.809408935226095,3.7984133987708915,3.871015477580408,4.0,3.0,0,1,1,4,0
9.558043051540679,5.685989300398967,,1.0,5.0435215936296665,0,1,1,5,0
10.215793019433079,5.318324372137642,2.148872109001569,4.0,8.915971191430998,0,1,0,5,0
,,3.8373096095158132,1.0,5.965262644312858,0,1,0,1,0
8.107132770898943,6.247784272122816,,2.0,8.15199310903992,0,0,0,1,0
9.388179985796615,5.791864133454309,,1.0,3.1941642042956397,0,1,0,3,0
11.147263499719545,3.5310502844363185,1.0623352247825393,1.0,8.994938136454763,1,1,1,3,1
6.9469694011778795,7.621865384176301,,,5.612226930179125,0,1,0,3,0
9.265939348293752,4.89088546139029,2.1106054077666365,4.0,7.030424205707263,1,0,0,2,0
7.599758370121654,6.8588702961667245,2.3716236457830044,3.0,6.767813746517368,0,1,1,4,0
11.390093257849685,,2.6835049688967456,4.0,,0,1,0,2,0
5.95362619043245,5.120923112620365,3.0044807928533546,2.0,4.117289170650544,1,0,0,5,0
7.8821563054568236,3.0,2.2675419137560837,,9.419486172508565,1,1,0,1,0
9.754423750129043,6.070993667179834,2.929426366341053,5.0,7.997480393754239,0,0,0,5,0
12.13104805846868,,5.6562361151243685,5.0,9.625122603883566,0,0,0,5,0
8.868499477854025,9.43752118133089,4.470899371230437,3.0,7.811645588756296,0,1,1,1,0
7.889600946613603,4.655675608321374,4.238309184993793,4.0,7.357476587023041,0,0,0,5,0
12.76231413888118,7.245048834854782,1.5889209479522586,4.0,3.0,1,0,1,3,0
6.1039721991675115,,0.7215183435433514,3.0,6.324083258097076,1,1,0,1,0
4.602388086759836,6.341077468543796,4.4106011164755055,2.0,6.93153919899064,1,1,0,5,0
9.880028900106664,10.0,4.252093585059589,3.0,11.882767995681435,0,0,0,3,0
7.995891551294777,4.245544507407271,5.445341351501964,,8.717391580246693,1,1,0,3,0
6.9575343657385735,6.88060949224186,1.292038748061541,5.0,10.84015295427382,0,0,0,4,0
10.416712894598707,7.20153975764815,2.0409026892793056,3.0,8.49384426473682,1,1,0,3,0
9.487601427542398,8.12867948740902,0.0,2.0,5.221741932626301,1,1,0,2,0
,6.6469747302063436,1.715057787878254,4.0,7.292810540374628,0,1,0,1,0
6.439391202658211,6.962075809256153,4.493141021158895,4.0,7.590559115660582,0,1,0,1,0
10.74491465656029,,1.567009241543604,1.0,4.652111075573296,0,1,0,1,0
10.300402355917322,6.903690411867661,3.7809595904016478,5.0,6.0390315585176975,0,0,1,5,0
8.801648272441234,,2.1189937880043774,2.0,6.48558251580707,1,0,1,5,0
12.693273992095332,7.432357834784076,3.1481140564431214,1.0,11.014049581412795,0,0,0,2,0
6.859830467347695,5.945584495934549,0.20461722036866536,2.0,,0,0,0,3,0
5.948949658150522,,2.670418899267802,5.0,10.014546051790107,0,0,1,5,0
7.616183860237511,6.456105779472533,0.0,4.0,4.658011912601543,1,1,0,3,0
8.908827967289005,8.189075376158252,2.1262076836760304,5.0,3.5698020318259647,0,0,1,3,0
9.486678898645383,6.422909414617271,0.0,4.0,9.94985532509616,1,1,0,5,0
8.51752788428734,3.840451297689678,,1.0,8.829745173085954,1,0,1,5,1
,,4.054814705529022,2.0,10.136296755952975,1,0,0,2,0
,,3.433341963932162,1.0,9.00175486886394,0,1,1,4,0
11.88752920814652,5.519350492026771,5.54201245431876,4.0,12.149612504343505,0,1,0,1,0
8.835697643214862,5.606508058934762,,2.0,8.396809592361214,0,1,0,5,0
11.234591663176255,,5.994726395831116,2.0,6.608806559692104,0,1,0,5,0
9.685450692755408,3.296488679031957,4.364383128520769,3.0,7.857315943303356,0,1,0,3,0
9.913506438307568,10.0,2.026889425562108,4.0,,1,1,1,4,0
10.139534560464408,8.084085213599078,,2.0,5.051561686849707,0,1,0,5,0
9.89541712003463,,0.2874129751767316,,5.370278543671548,1,0,1,4,1
10.285445519735088,,,4.0,6.227599963505232,0,0,0,1,0
11.658305060264862,6.928331112286485,1.2828205535205992,,3.0,1,0,1,3,0
9.39304233940294,,1.4420445838719695,3.0,7.345196021043867,1,0,0,2,0
10.418007515177024,7.467823378925085,0.38688471447949446,2.0,3.0,1,1,1,1,0
8.820528611425546,7.333406699005173,4.9461661341906495,5.0,7.132648282331548,1,1,1,4,0
,6.634371021882873,1.9822911992603367,7.0,9.163224390338124,1,0,0,4,0
7.64721539588146,6.2039923695390105,3.205009936713759,,5.807808848390411,1,0,1,1,0
12.60188086582163,6.273090074519732,1.3592972671726389,2.0,11.192789675467179,0,1,1,4,0
8.919684098711313,6.207637579470979,0.0,0.0,,0,0,0,2,0
6.138449795763904,8.200655145300598,3.040114716782844,3.0,,0,0,0,2,0
9.256208829821578,7.390335083421293,,,8.687842641017301,0,0,0,4,0
7.637896685050238,3.0,2.3627319078290627,2.0,3.0,0,0,1,4,0
10.681287097977448,7.4838511647946415,0.0,1.0,13.776985747601332,0,1,0,2,0
7.694752041395218,6.792104292078163,6.4745519984616156,7.0,6.8406367862400845,0,0,0,4,0
,6.471936865331154,4.322725444349444,4.0,4.806289944610921,0,0,0,5,0
5.220918538108938,5.917222320366672,2.7115075825429606,7.0,3.4822820130399577,0,1,0,3,0
8.095387361501846,8.18616907997902,5.027413355309337,4.0,6.449954930850815,1,0,1,5,0
4.152241346742087,7.921289693184287,0.8073680450685283,2.0,6.681482819025101,0,1,1,4,0
5.832194353028553,,3.586958757340186,2.0,7.256613821349161,1,1,0,4,0
,7.110578430686803,2.899620867437427,4.0,6.255509609440099,0,1,0,3,0
10.571600317301664,5.042514898188071,3.02804016266734,,8.583063275287733,1,1,1,4,1
9.85091512356993,4.430572752816604,5.044707000213536,5.0,,1,1,0,3,0
,5.559924163115053,3.9649842055596043,4.0,3.0,1,0,0,2,0
8.904577287716041,7.793590208574138,3.0774473256500467,0.0,6.626596260875897,1,1,0,3,0
8.992794921818863,7.92968756806413,0.0,0.0,3.0,0,1,0,3,0
6.6832706216149145,7.269628130145939,,4.0,,1,1,0,5,0
12.006796603534301,7.587643680271996,2.254582132808552,2.0,4.551749424293412,1,1,1,4,0
10.754724581151343,,2.6867447485533025,2.0,7.408400887289501,1,0,0,2,0
8.558071652340672,5.537777607165571,0.23959255065215235,5.0,10.28518745381151,1,0,1,1,1
,7.147883817010911,,3.0,4.62812826183,0,0,0,3,0
9.416765615895105,7.700614287841523,5.532788110507146,4.0,9.653140646280296,1,0,0,1,0
4.916530263151419,,3.704236640784967,0.0,5.916526083284617,0,1,1,4,0
8.505645234958806,8.283370057211965,2.6440737225674895,2.0,11.382987005163963,0,0,0,3,0
,7.562455770801596,2.0755820601976964,3.0,6.0871184670044665,0,0,0,1,0
,,0.5961630799555289,3.0,4.898767536233271,1,1,0,5,0
,8.105225357474641,,2.0,8.718096125988222,0,0,0,1,0
12.595373053699046,6.46021811112641,,3.0,5.91052567594091,0,0,1,5,0
10.28168572253402,5.177188023158424,0.016478849036751342,2.0,4.896376214677479,0,0,0,2,0
7.857642020434406,,3.168352834489795,2.0,5.805400373240522,1,1,1,4,0
10.145165562712318,,2.1894819023505026,4.0,6.888483669542497,1,0,0,1,0
